job_title,companyName,companyLocation,job_summary,post_date,salary
newFinancial Accountant Senior (Hybrid Work Location),USAA,"Hybrid remote in Charlotte, NC 28244+4 locations",Employees may be eligible for pay incentives based on overall corporate and individual performance or at the discretion of the USAA Board of Directors.,Posted6 days ago,None
Senior Accountant,Autobell Carwash,"Charlotte, NC 28204 (Cherry area)+1 location","Ensure they are made according to sound and generally accepted accounting principles using accounting software or systems.
Lifting – Up to 20 lbs.",EmployerActive 5 days ago,None
Senior Staff Accountant,Wild Wing Cafe,"Charlotte, NC 28277 (Piper Glen Estates area)","Prepare and analyze account analyses, accounting support schedules, and other supporting schedules.
The Senior Accountant plays a critical role in providing…",EmployerActive 2 days ago,None
Senior Staff Accountant,Cato Corporation,"Charlotte, NC 28273 (Montclaire South area)","Research and communicate SEC/GAAP updates;
Assist in the preparation of quarterly (10Q) and annual (10K) reporting;
Oversee the duties of the Junior Accountant.",EmployerActive 18 days ago,None
newSenior Accountant,Latorre Law Firm,"Hybrid remote in Charlotte, NC 28205","As the Senior Accountant you will prepare and maintain the financial records of the firm and will track the firm’s profit and loss, liabilities, assets, and…",Posted6 days ago,None
Senior Accountant - Regulatory Reporting,Ally Financial,"Charlotte, NC 28202 (Downtown Charlotte area)",Ally's compensation program offers market-competitive base pay and pay-for-performance incentives (bonuses) based on achieving personal and company goals.,Posted16 days ago,None
newSenior Accountant,"TRC Staffing Services, Inc.","Charlotte, NC","Excellent time management, organizational and planning skills, with attention to detail.
Audit all invoices, obtain payment approval, entering payments in…",PostedToday,None
Senior Accountant – Remote Flexibility,AccruePartners,"Remote in Charlotte, NC 28203+3 locations","Partner with local business, social service agencies, and health care providers to combine resources.
Member of a local shared services organization in the non…",Posted12 days ago,None
newSenior Accountant,Tatum by Randstad,"Charlotte, NC 28215 (Hickory Grove area)","The Senior Accountant is responsible for all aspects of transactional accounting, maintaining the integrity of the general ledger and preparing monthly and…",Posted8 days ago,None
Senior Accountant - Remote,Everside Health,"Remote in Charlotte, NC 28217","This individual will support to the day-to-day financial accounting and reporting as well as accounts payable, payroll, month-end and year-end close processes.",Posted30+ days ago,None
newSenior Accountant,TalentBridge,"Hybrid remote in Concord, NC 28025+1 location","Assist with tax planning, preparation and strategy with local organizations and clients (no out of town travel needed).
Public Accounting: 2 years (Preferred).",Posted1 day ago,None
Sr Staff Accountant - NASCAR Media Group,NASCAR,"Charlotte, NC",The Sr Staff Accountant - NASCAR Media Group performs various accounting activities within the division’s Finance department while adhering to corporate…,Posted15 days ago,Estimated $68.2K - $86.4K a year
Senior Accounting Specialist,TalentBridge,"Charlotte, NC","Perform moderately complex operational account activities related to maintaining ledger accounts and developing reports.
4 years of accounting experience.",EmployerActive 10 days ago,None
Sr. Accountant,Insight Global,"Hybrid remote in Charlotte, NC+1 location","* Assess current accounting practice and ensure appropriate application of accounting policy.
* Assess current operating environment and drive process…",Posted22 days ago,None
Senior Accountant,Centene Corporation,"Hybrid remote in Charlotte, NC 28262","Conduct special studies, develops, or recommends enhancements to accounting methods and procedures.
Adapt accounting and recordkeeping functions to current…",Posted30+ days ago,None
newSenior Accountant,Vaco,"Charlotte, NC+1 location","Work closely with external CPA firm regarding tax filings.
Develop within the company; be mentored and grown as a leader from the minute you're hired.",Posted1 day ago,None
Senior Project Accountant,Pike Corporation,"Fort Mill, SC 29715"," Maintain an understanding of current corporate allocations and be a resource for operations with any inquiries relating to them.
Up to 10 Pounds None.",Posted30+ days ago,Estimated $50.8K - $64.4K a year
Senior Accountant,Blumenthal Performing A,"Charlotte, NC 28202 (Downtown Charlotte area)","An equivalent combination of education, training and experience that provides the required knowledge, skills and abilities may be accepted in lieu of a bachelor…",Posted30+ days ago,Estimated $62.5K - $79.1K a year
Senior Accountant,Relation Insurance,"Charlotte, NC 28277 (Ballantyne East area)+1 location","Prepares schedules for year-end audit for independent external auditors.
The Senior Accountant is primarily responsible for complex accounting activities…",Posted30+ days ago,Estimated $72.5K - $91.7K a year
Senior Accountant,Columbus McKinnon Corporation,"Charlotte, NC 28273 (Olde Whitehall area)",Position Overview: The Senior Accountant is to provide superior support to the Finance Director and accounting staff as well as business operations.,Posted9 days ago,Estimated $71.7K - $90.9K a year
newSenior Accountant,Hearst Media Services,"Charlotte, NC 28277 (Whiteoak area)","Responsible for a variety of GL functions such as intercompany reporting, order-to-cash, procure to pay, record to report, payroll, and benefit processes.",Posted2 days ago,Estimated $74K - $93.8K a year
Senior Accountant,Ascendo Resources,"Charlotte, NC","Proven experience as a financial controller, accounting supervisor, chief or senior accountant.
The ideal candidate has experience collaborating and/or managing…",EmployerActive 18 days ago,None
Sr Staff Accountant - NASCAR Media Group,NASCAR,"Charlotte, NC",The Sr Staff Accountant - NASCAR Media Group performs various accounting activities within the division’s Finance department while adhering to corporate…,Posted15 days ago,Estimated $68.2K - $86.4K a year
newSenior Fund Accountant,Citco,"Charlotte, NC 28244 (Fourth Ward area)",You will form part of a professional team responsible for maintaining the books and records of the funds & preparing fund financial reports and investor…,Posted2 days ago,Estimated $69.9K - $88.5K a year
Senior Accountant,Magnolia Wash Holdings,"Charlotte, NC 28209 (Barclay Downs area)","In this position, you will be responsible for assisting in the management of the General Ledger.
This role will also include providing information to the…",EmployerActive 4 days ago,None
Senior Accountant,Northwood Ravin,"Charlotte, NC 28202 (Downtown Charlotte area)","Record monthly depreciation and amortization schedules.
Prepare monthly operating financials for Residential properties (Operating Statements, Balance Sheets,…",Posted30+ days ago,Estimated $62.8K - $79.6K a year
Sr. Accountant,Insight Global,"Hybrid remote in Charlotte, NC+1 location","* Assess current accounting practice and ensure appropriate application of accounting policy.
* Assess current operating environment and drive process…",Posted22 days ago,None
Senior Accounting Specialist,TalentBridge,"Charlotte, NC","Perform moderately complex operational account activities related to maintaining ledger accounts and developing reports.
4 years of accounting experience.",EmployerActive 10 days ago,None
Senior Accountant,Daniels Company (West Virginia) Inc,"Charlotte, NC 28210 (Barclay Downs area)","Charlotte, NC 28210: Reliably commute or planning to relocate before starting work (Preferred).
Responsible for the accounting operations of the company.",EmployerActive 4 days ago,None
Senior Accountant,Communities In Schools of Charlotte-Mecklenburg In,"Charlotte, NC","Reporting to the VP of Finance, the Senior Accountant will support agency wide accounting services and other related financial functions.",Posted30+ days ago,Estimated $66.2K - $83.8K a year
Senior Fund Accountant,Ryan Consulting Group,"Charlotte, NC 28206 (Greenville area)","May review and approve journal entries or other work prepared by other accountants.
This position will not manage any direct reports but may supervise and…",EmployerActive 16 days ago,None
"Senior, Accountant - General Ledger",3D Systems,"Hybrid remote in Rock Hill, SC 29730","Responsible for day-to-day accounting and monthly close activities, helping to ensure the Company’s financial statements and resulting supporting schedules are…",Posted12 days ago,Estimated $72.3K - $91.5K a year
Senior Internal Auditor,City of Charlotte and Mecklenburg County,"Charlotte, NC",This position will perform audits that address financial and business operations among highly varied City Departments in accordance with generally accepted…,Posted30+ days ago,None
newSenior Cost Accountant,SSS,"Charlotte, NC 28216 (Thomasboro-Hoskins area)",Define and coordinate the budgeting and forecasting process on cost center level (i.e. providing templates; input of data into SAP; plausibility checks).,EmployerActive 4 days ago,None
Senior Mortgage Staff Accountant,Red Ventures,"Hybrid remote in Charlotte, NC","Participates in departmental efforts related to audits and research, and acts as an accounting resource to special projects.",Posted30+ days ago,Estimated $74.9K - $94.9K a year
newSenior Corporate Accountant,Elior North America,"Charlotte, NC 28202 (Downtown Charlotte area)","Review certain tasks of staff accountant.
Must pay close attention to detail and have a high degree of accuracy in work product.
BS or BA in Accounting.",Posted6 days ago,None
Senior Accountant,EnPro Industries,"Charlotte, NC 28209 (Ashbrook-Clawson Village area)","The senior accountant will be responsible for financial reporting, technical accounting, internal control (SOX), and analysis of financial results for the…",Posted30+ days ago,None
Senior Accounting Specialist,TalentBridge,"Charlotte, NC","Perform moderately complex operational account activities related to maintaining ledger accounts and developing reports.
4 years of accounting experience.",EmployerActive 10 days ago,None
Senior Project Accountant,Pike Corporation,"Fort Mill, SC 29715"," Maintain an understanding of current corporate allocations and be a resource for operations with any inquiries relating to them.
Up to 10 Pounds None.",Posted30+ days ago,Estimated $50.8K - $64.4K a year
newSr. Corporate Accountant,Alpha Capital Partners LLC,"Charlotte, NC 28204 (Elizabeth area)",We are looking for an experienced Sr. Corporate Accountant to oversee general accounting operations by managing our financial transactions.,Posted7 days ago,Estimated $72.9K - $92.3K a year
newSenior Fund Accountant,Citco,"Charlotte, NC 28244 (Fourth Ward area)",You will form part of a professional team responsible for maintaining the books and records of the funds & preparing fund financial reports and investor…,Posted2 days ago,Estimated $69.9K - $88.5K a year
Sr. Accountant,Insight Global,"Hybrid remote in Charlotte, NC+1 location","* Assess current accounting practice and ensure appropriate application of accounting policy.
* Assess current operating environment and drive process…",Posted22 days ago,None
newSenior Staff Accountant - Remote,House Buyers of America,"Remote in Charlotte, NC 28105","Prepare financial data for both business and CEO’s personal accounts for our CPA firm to file tax returns.
Prepare reports financial reports such as tracking…",Posted7 days ago,Estimated $63.5K - $80.5K a year
Sr Accountant / Financial Analyst,CBI,"Charlotte, NC 28217","Key player in the implementation of a new ERP system, especially in the area of architecting reports that will replace the current ""manual"" processes.",Posted30+ days ago,None
"newInternal Audit Senior Associate, Banking",Dixon Hughes Goodman,"Charlotte, NC 28209 (Barclay Downs area)","Coordinates with the Manager, Senior Manager, or Partner on all phases of the engagement, including execution of the engagement letter, communications with the…",Posted1 day ago,Estimated $79.1K - $100K a year
Senior Tax Analyst,"Dole Food Company, Inc.","Charlotte, NC","Prepare federal and state tax returns, and assist with tax planning opportunities, and compute estimated tax payments for US.",Posted23 days ago,Estimated $82.8K - $105K a year
Senior Associate - Corporate Accounting,Asana Partners,"Charlotte, NC 28203 (Dilworth area)","The role is a critical position on our team that reports to the Director of Corporate Accounting and works closely with the Chief Accounting Officer, Treasury…",Posted11 days ago,Estimated $100K - $127K a year
Senior Corporate Accountant,Snap One,"Charlotte, NC 28273 (Olde Whitehall area)","Reporting to the General Accounting & Inventory Manager, the Senior Corporate Accountant will focus on a variety of matters including, but not limited to month…",Posted22 days ago,Estimated $74.7K - $94.5K a year
Senior Property Accountant,Colliers International,"Charlotte, NC","You also thrive on sharing your knowledge and participate in training for new accountants.
You thrive on working within deadlines and providing strong financial…",Posted30+ days ago,None
Senior Accountant,Communities In Schools of Charlotte-Mecklenburg In,"Charlotte, NC","Reporting to the VP of Finance, the Senior Accountant will support agency wide accounting services and other related financial functions.",Posted30+ days ago,Estimated $66.2K - $83.8K a year
newAssurance Services Senior - Financial Services - Financial A...,EY,"Charlotte, NC 28217 (Eagle Lake area)","Knowledge of current market issues in financial services in the US.
Upon embarking on a journey with us, you will experience professional development through…",Posted1 day ago,None
Senior Accounting Specialist,TalentBridge,"Charlotte, NC","Perform moderately complex operational account activities related to maintaining ledger accounts and developing reports.
4 years of accounting experience.",EmployerActive 10 days ago,None
Sr. Accountant,Insight Global,"Hybrid remote in Charlotte, NC+1 location","* Assess current accounting practice and ensure appropriate application of accounting policy.
* Assess current operating environment and drive process…",Posted22 days ago,None
newSenior Accountant,"Nest Homes, LLC","Mooresville, NC 28117","Make and record timely interest payments in the appropriate set of books.
Primary charge for day-to-day accounting and journal entries for all Nest Sub-entities…",EmployerActive 3 days ago,None
Senior Accountant,Fast-Growing-Trees.com,"Charlotte, NC 28203 (Wilmore area)","Prepare the month end reporting package for senior leadership.
Assist with set up and processing of weekly payments through Bill.com.",EmployerActive 18 days ago,Estimated $63K - $79.8K a year
Senior Investment Accountant,DHG,"Charlotte, NC 28202 (First Ward area)","Candidates should have strong oral and written communication skills, and experience with insurance investment accounting.",Posted16 days ago,None
newSenior Accountant,Goulston,"Monroe, NC 28111",JOB SUMMARY: Responsible for the accounting operations that includes the creation of financial reports and the maintenance of adequate systems to maintain…,Posted4 days ago,Estimated $63.9K - $80.9K a year
Senior Accountant,Lennar Homes,"Charlotte, NC 28202 (Dilworth area)","Ensure financial records are maintained in compliance with accepted policies and procedures.
Prepare and input journal entries and ensure entries are accurate…",Posted19 days ago,None
Senior Accountant,Lowe's,"Hybrid remote in Mooresville, NC 28117","Reviews tax compliance returns to ensure accuracy of the data and payments.
The primary purpose of this role is to conduct the financial and accounting…",Posted30+ days ago,None
"Accounting and Finance Professionals – Senior Associates, As...",The Siegfried Group,"Charlotte, NC","Strong communication & interpersonal skills, displaying the ability to connect and build relationships with clients, firm leadership, & peers.",Posted30+ days ago,Estimated $102K - $130K a year
"Senior Accountant, Reporting & Technical Accounting",Circle,"Remote in Charlotte, NC+1 location","Circle is looking for a motivated Senior Accountant, Reporting & Technical Accounting to support the overall accounting function and help solve technical…",Posted30+ days ago,Estimated $77.3K - $97.9K a year
Senior Tax Accountant- US Indirect Tax,Trane Technologies,"Davidson, NC 28036",The individual will work with a high level of independence but will need to coordinate with others across multiple functions from a state and local tax planning…,Posted30+ days ago,None
Senior Accountant,Nwr Services Llc,"Charlotte, NC 28202 (Downtown Charlotte area)","Record monthly depreciation and amortization schedules.
Prepare monthly operating financials for Residential properties (Operating Statements, Balance Sheets,…",Posted30+ days ago,Estimated $62.8K - $79.6K a year
Senior Accountant,Northwood Ravin,"Charlotte, NC 28202 (Downtown Charlotte area)","Record monthly depreciation and amortization schedules.
Prepare monthly operating financials for Residential properties (Operating Statements, Balance Sheets,…",Posted30+ days ago,Estimated $62.8K - $79.6K a year
"Senior, Revenue & Receivables Accounting","Discovery Education, Inc.","Charlotte, NC 28209 (Ashbrook-Clawson Village area)",This person will be responsible for supporting the Order to Cash/Revenue & Receivables process and the setup of sales contracts in our financial reporting…,Posted19 days ago,Estimated $80K - $101K a year
newSenior Accountant,Tatum by Randstad,"Charlotte, NC 28215 (Hickory Grove area)","The Senior Accountant is responsible for all aspects of transactional accounting, maintaining the integrity of the general ledger and preparing monthly and…",Posted8 days ago,None
newSenior Accountant,TalentBridge,"Hybrid remote in Concord, NC 28025+1 location","Assist with tax planning, preparation and strategy with local organizations and clients (no out of town travel needed).
Public Accounting: 2 years (Preferred).",Posted1 day ago,None
Senior Accountant,"Schaefer Systems International, Inc.","Charlotte, NC 28273 (Olde Whitehall area)+1 location","Strong planning and budgeting abilities.
Assists outside accounting firm with annual external audits.
Provides P&L commentary for current and YTD comparisons to…",Posted30+ days ago,Estimated $73.9K - $93.5K a year
Senior Accountant - Corporate Accounting,Adams Outdoor,"Charlotte, NC 28262 (University City North area)","Prepares work papers for and interacts with the company's tax accountants.
JOB SUMMARY: Responsible for accounting transactions and maintenance of books of…",Posted30+ days ago,Estimated $70.3K - $89.1K a year
Sr. Auditor-REMOTE,MSC Industrial Supply Co.,"Remote in Davidson, NC","Assists Audit Management with the planning of operational audits (functional areas, distribution centers and branches) including preliminary understandings,…",Posted30+ days ago,None
Senior Accountant Supply Chain,Electrolux,"Charlotte, NC","Strong understanding of financial reporting, accounting, planning and economics.
The Senior Accountant – Supply Chain will ensure accurate and complete…",Posted30+ days ago,None
"Senior Accountant - Technical Accounting, Reporting and Poli...",Trane Technologies,"Davidson, NC 28036","Minimum of 2 years of experience with a Big 4 firm, or similar roles in a Fortune 1000 company in a Technical Accounting and/or SEC reporting capacity.",Posted9 days ago,None
Senior Accountant and Financial Analyst,McLeod Addictive Disease Center,"Hybrid remote in Charlotte, NC 28217",McLeod Center is currently accepting applications for a Full-time Senior Accountant and Financial Analyst to work in the Finance Department at its headquarters…,Posted30+ days ago,None
Senior Accountant,Blumenthal Performing A,"Charlotte, NC 28202 (Downtown Charlotte area)","An equivalent combination of education, training and experience that provides the required knowledge, skills and abilities may be accepted in lieu of a bachelor…",Posted30+ days ago,Estimated $62.5K - $79.1K a year
Senior General Accountant,"DCE Solar, Inc","Cornelius, NC 28031","The company offers a competitive salary with tier 1 benefits of medical, dental, vision and a company supported 401k plan and finally, a blended work from home…",EmployerActive 9 days ago,None
"Senior Manager, Corporate Accounting - Opportunity for Worki...",VMware,"Remote in Charlotte, NC","With your technical accounting expertise and knowledge in inventory and cost accounting, stock-based compensation and deferred commissions, you will be the…",Posted30+ days ago,None
newESG Finance Team - Senior Product / Specialty Controller,Bank of America,"Charlotte, NC 28202 (Fourth Ward area)","The primary focus of our team is to lead the strategic development of ESG reporting and disclosures within the CFO organization, including operations, systems,…",Posted1 day ago,None
Senior Financial Analyst Reporting / Accounting Policy,IT Solution,"Charlotte, NC","This role applies business acumen to promote a culture of risk management and the identification, escalation and timely execution of value added testing over…",EmployerActive 3 days ago,None
newSr Internal Auditor (Hybrid work option),Humanity,"Hybrid remote in Charlotte, NC+4 locations","This position is responsible for planning and performing operational, financial and compliance audits under the supervision of an Internal Audit Manager,…",Posted5 days ago,Estimated $78.6K - $99.6K a year
Senior Accountant - Consolidations,Ryder System,"Charlotte, NC 28230 (Cherry area)+1 location","This position will assist the accounting group with monthly reporting to management of operating results, balance sheet account analyses and reconciliations,…",Posted30+ days ago,None
newSr. Tax Accountant,Krispy Kreme,"Hybrid remote in Charlotte, NC 28203",You will have a passion for tax compliance and tax planning while assisting the tax department with providing strategic insights and recommendations needed for…,Posted6 days ago,None
newSenior Accountant,Tatum by Randstad,"Charlotte, NC 28215 (Hickory Grove area)","The Senior Accountant is responsible for all aspects of transactional accounting, maintaining the integrity of the general ledger and preparing monthly and…",Posted8 days ago,None
Senior Staff Accountant,River Rock Capital Partners,"Mooresville, NC 28117","Select invoices and print payments as needed for entities.
We are looking to find candidates with financial and analytical experience who are highly motivated…",Posted30+ days ago,Estimated $53.5K - $67.7K a year
newSenior Accountant,TalentBridge,"Hybrid remote in Concord, NC 28025+1 location","Assist with tax planning, preparation and strategy with local organizations and clients (no out of town travel needed).
Public Accounting: 2 years (Preferred).",Posted1 day ago,None
newSenior Tax Analyst,Bank of America,"Charlotte, NC 28202 (Fourth Ward area)","Perform tax research and tax analysis related to Tax Planning & Advisory projects including preparation of tax memoranda.
5+ years total tax experience.",Posted8 days ago,None
Sr. Financial Accountant,JELD-WEN,"Charlotte, NC 28273 (Olde Whitehall area)","As a valued member of the Finance Team, the Senior Financial Accountant will support the business by assisting in monthly accounting, financial reporting,…",Posted30+ days ago,None
Senior Accountant,Kindred at Home - Hospice Division,"Mooresville, NC 28117","You will be responsible for internal controls, accounting, auditing, and process improvement.
Senior Accountant will ensure that internal controls are performed…",Posted30+ days ago,None
Senior Operational Auditor (Remote),Lowe's,"Remote in Mooresville, NC 28117",The Senior Auditor will assist in the planning and execution of audit engagements by: conducting interviews and walkthroughs with process owners; assisting in…,Posted10 days ago,None
Senior GAAP Financial Reporting Accountant,DHG,"Charlotte, NC 28202 (First Ward area)","Aid in the planning and build out of quarterly and annual financial statements in accordance with SEC regulations (Form 10-Q, Form 10-K, financial supplements,…",Posted30+ days ago,None
Senior Accountant,"Akoustis, Inc.","Huntersville, NC 28078",This newly created position will be responsible for all areas of financial accounting as well as internal/external financial reporting.,Posted30+ days ago,Estimated $65.7K - $83.1K a year
Sr. Accountant,SPX,"Charlotte, NC","SPX Corporate Senior Accountant is responsible for performing daily general ledger activities and monthly closing procedures including standard calculations,…",EmployerActive 11 days ago,Estimated $71.7K - $90.7K a year
newFinancial Services - Financial Accounting Advisory Services-...,EY,"Charlotte, NC 28203 (Dilworth area)","Lead and participate in multiple engagement teams as a senior firm executive within Financial Accounting Advisory Services.
CPA license in your work state.",Posted1 day ago,None
newSr Product/Specialty Controller,Blue X Technologies,"Charlotte, NC","Strong communication skills including with senior leadership.
Analyze current processes and make recommendations for process improvement.",EmployerActive 4 days ago,None
"Senior Associate, Finance & Accounting (Data & Analytics)",KPMG,"Charlotte, NC 28202 (Fourth Ward area)+1 location","Minimum three years of recent financial analyst or similar experience; preferably from a professional services firm.
Provide support in budget preparation.",Posted30 days ago,None
"Senior Associate, Assurance Services","GreerWalker, LLP","Charlotte, NC 28202 (Downtown Charlotte area)","Through our investment banking affiliate, GreerWalker Corporate Finance, we also offer exit planning and merger and acquisition services as well as customized…",Posted30+ days ago,Estimated $76.8K - $97.2K a year
Senior Property Accountant,Lincoln Harris,"Charlotte, NC","High proficiency in Excel is desired.
Monitors cash and ensures that critical payments are made timely and prepares funding reports as needed.",Posted30+ days ago,Estimated $73.2K - $92.6K a year
Senior Accounting Specialist,TalentBridge,"Charlotte, NC","Perform moderately complex operational account activities related to maintaining ledger accounts and developing reports.
4 years of accounting experience.",EmployerActive 10 days ago,None
newSr. Accountant- Fixed Assets,Krispy Kreme,"Charlotte, NC 28203 (Brookhill area)","The Senior Accountant Fixed Assets role on the Corporate Accounting team has the overall responsibility of processing transactions, analyzing significant…",Posted6 days ago,None
Senior Manager - FAAS,"Embark, LLC","Charlotte, NC 28205 (North Sharon Amity area)","We pay 100% of premiums for you and your entire family on health, vision, and life insurance, and short and long-term disability.
Strong knowledge of U.S. GAAP.",Posted30+ days ago,None
Senior Tax Accountant,DHG,"Charlotte, NC 28202 (First Ward area)",Coordinate with external service provider on the preparation of all federal and state income/franchise tax returns and installment tax calculations and ensure…,Posted16 days ago,None
Sr. Accountant,Insight Global,"Hybrid remote in Charlotte, NC+1 location","* Assess current accounting practice and ensure appropriate application of accounting policy.
* Assess current operating environment and drive process…",Posted22 days ago,None
Senior Internal Auditor,Honeywell,"Charlotte, NC 28202 (Downtown Charlotte area)+2 locations","You will lead technology risk assessments, pre-audit planning and conduct independent and objective audit reviews across Honeywell's diversified organizations…",Posted30+ days ago,None
Assurance Senior Associate - Virtual,CohnReznick,"Charlotte, NC 28202 (Fourth Ward area)+1 location","Serving as the Engagement Lead on specific client accounts, taking responsibility for pre-engagement planning, execution, and final deliverable.",Posted9 days ago,Estimated $73.3K - $92.9K a year
Senior Financial Analyst Reporting / Accounting Policy â€“ G...,Bank of America,"Charlotte, NC 28202 (Fourth Ward area)+2 locations","This role applies business acumen to promote a culture of risk management and the identification, escalation and timely execution of value added testing over…",Posted24 days ago,None
newSenior Accountant,Vaco,"Charlotte, NC+1 location","Work closely with external CPA firm regarding tax filings.
Develop within the company; be mentored and grown as a leader from the minute you're hired.",Posted1 day ago,None
newSenior Tax Advisor,Bank of America,"Charlotte, NC 28202 (Fourth Ward area)","This includes accounting, financial and regulatory reporting, balance sheet management, financial planning and analysis, treasury, investor relations, corporate…",Posted3 days ago,None
Senior Manager of Accounting and Reporting,Cornerstone Building Brands,"Charlotte, NC","6+ years of public accounting (Big 4 or top tier; clients must have included SEC registrants), 7 to 9 years of industry, or a mix of both, including supervisory…",Posted10 days ago,None
Accounting Advisory – Senior Manager,CFGI,"Charlotte, NC","Lead firm initiatives and identify areas for improvements.
Play an active role in the firm’s recruiting efforts, client relationship building and business…",Posted30+ days ago,Estimated $157K - $198K a year
"Senior Associate, Audit Resource Management",KPMG,"Charlotte, NC 28202 (Fourth Ward area)","Minimum three years of recent resource management or audit experience, preferably within a professional services firm or similar environment.",Posted16 days ago,None
newSenior Accountant,Tatum by Randstad,"Charlotte, NC 28215 (Hickory Grove area)","The Senior Accountant is responsible for all aspects of transactional accounting, maintaining the integrity of the general ledger and preparing monthly and…",Posted8 days ago,None
SR. INTERNAL AUDITOR (CLT/REMOTE),Compass Corporate,"Remote in Charlotte, NC 28201","Conduct audits, either individually or as a part of a small team, with responsibility over the planning, audit execution and delivery of the final audit report.",Posted30+ days ago,None
newSenior Accountant,TalentBridge,"Hybrid remote in Concord, NC 28025+1 location","Assist with tax planning, preparation and strategy with local organizations and clients (no out of town travel needed).
Public Accounting: 2 years (Preferred).",Posted1 day ago,None
newSenior Tax Professional II,Bank of America,"Charlotte, NC 28202 (Fourth Ward area)","This includes accounting, financial and regulatory reporting, balance sheet management, financial planning and analysis, treasury, investor relations, corporate…",Posted8 days ago,None
A/R Senior Accountant,"Driven Brands, Inc.","Charlotte, NC 28202 (Downtown Charlotte area)","Take ownership of assigned GL accounts and ensure accuracy, understanding, and consistency of application and compliance with GAAP.",Posted30+ days ago,Estimated $68.7K - $86.9K a year
Accounting & Reporting Advisory - Senior,Deloitte,"Charlotte, NC 28202 (Downtown Charlotte area)+2 locations","Be part of a team that assists clients with the accounting and reporting aspects of transactions including acquisitions, equity, and debt etc.",Posted30+ days ago,None
Senior Tax Manager,Wastequip,"Charlotte, NC 28211 (Barclay Downs area)","Assisting VP and treasury with tax planning issues as required.
Ensuring that tax filings, quarterly estimated tax payments and other various tax payment…",Posted30+ days ago,Estimated $115K - $145K a year
Tax Manager/Senior Tax Manager,Carlyle Search Group,"Remote in Charlotte, NC","Advise clients on a full spectrum of corporate tax services, including planning, research, compliance, and provision.
The Pay Range is up to $150K.",Posted30+ days ago,None
Senior Internal Auditor - Remote,Windstream Communications,"Remote in Charlotte, NC","Experience in writing concise, formal audit reports distributed to senior management.
Our internal audit team interacts and communicates regularly with senior…",Posted14 days ago,None
"Tax Senior Associate, International Tax Shared Services Cent...",KPMG,"Charlotte, NC 28202 (Fourth Ward area)+9 locations","Advise multinational enterprises on tax planning opportunities.
KPMG LLP (the U.S. member firm of KPMG International) offers a comprehensive compensation and…",Posted29 days ago,None
Accountant Sr,Incenter,"Charlotte, NC 28216","Prepares supporting schedules for quarterly external reporting.
The Senior Technical Accountant plays a key role on the Corporate Accounting team, ensuring…",Posted30+ days ago,None
Senior Auditor Special Investigations,Continental,"Fort Mill, SC+1 location","Provide professional special investigation services including analytics (worldwide) with focus on risk management, internal control system and corporate…",Posted24 days ago,None
newSenior Fiduciary Tax Liaison,Truist Financial,"Charlotte, NC 28269","Advises and assists estate administration teammates on tax planning issues.
If you have a disability and need assistance with the application, you can request a…",Posted7 days ago,None
Senior Accounting Specialist,TalentBridge,"Charlotte, NC","Perform moderately complex operational account activities related to maintaining ledger accounts and developing reports.
4 years of accounting experience.",EmployerActive 10 days ago,None
"newSenior Manager, Fund Accounting",Freedom Financial Network,"Remote in Charlotte, NC 28202","In this role, you will be a strategic business partner with the Capital Markets team managing the accounting for the Freedom Consumer Credit hedge fund.",Posted2 days ago,Estimated $121K - $153K a year
"newSenior Associate, Independence",KPMG,"Charlotte, NC 28202 (Fourth Ward area)","Apply a fundamental understanding of the applicable independence rules and regulations in executing procedures that contribute to providing basic guidance, to…",Posted2 days ago,None
Senior Tax Analyst (Hybrid),Xylem,"Remote in Charlotte, NC 28273","Xylem seeks to hire a Senior Tax Analyst for the Corporate Tax department.
Occasional travel to the office will be expected during the quarter-close periods.",Posted23 days ago,None
Sr. Accountant,Insight Global,"Hybrid remote in Charlotte, NC+1 location","* Assess current accounting practice and ensure appropriate application of accounting policy.
* Assess current operating environment and drive process…",Posted22 days ago,None
Sr Internal Auditor (Hybrid work option),Spectrum,"Hybrid remote in Charlotte, NC 28202+3 locations","This position is responsible for planning and performing operational, financial and compliance audits under the supervision of an Internal Audit Manager,…",Posted30+ days ago,None
"Senior Associate, Tax Services","GreerWalker, LLP","Charlotte, NC 28202 (Downtown Charlotte area)","Participate in client meetings and serve as the Engagement Lead on specific client accounts, taking responsibility for pre-engagement planning, execution, and…",Posted30+ days ago,Estimated $78.5K - $99.3K a year
Sr. General Ledger Accountant,Varo Money,"Charlotte, NC","Maintain vendor and accounts payable information and ensure prudent cash flow management and vendor payments.
Prepare flux analysis for balance sheet and income…",Posted30+ days ago,Estimated $75.2K - $95.2K a year
"Senior Finance Auditor - Charlotte, NC",Dentsply Sirona,"Charlotte, NC","Experience planning and executing audits.
Present summarized observations in a business minded audit report to senior leaders.",Posted30+ days ago,None
Senior Reinsurance Accountant,Endurance Specialty Holdings Ltd.,"Charlotte, NC","Casualty insurance and reinsurance, established in March 2017 as the result of the acquisition of.
Endurance Specialty Holdings Ltd. by Sompo Holdings Ltd. …",Posted30+ days ago,None
"Data Analytics Senior Auditor-Commercial, Corporate and Inve...",WELLS FARGO BANK,"Charlotte, NC","Experience at a financial institution or accounting firm.
Commercial, Corporate and Investment Banking provides audit coverage for Middle Market Banking;…",Posted30+ days ago,None
"newTax Associate or Senior Associate, International Tax Shared...",KPMG,"Charlotte, NC 28202 (Fourth Ward area)","Minimum two years of recent tax compliance experience in an accounting firm, corporation and/or law firm.
Keep up to date on current tax practices.",Posted1 day ago,None
newSenior Accountant,Vaco,"Charlotte, NC+1 location","Work closely with external CPA firm regarding tax filings.
Develop within the company; be mentored and grown as a leader from the minute you're hired.",Posted1 day ago,None
"newTax Associate or Senior Associate, International Tax Shared...",KPMG,"Charlotte, NC 28202 (Fourth Ward area)","Minimum two years of recent tax compliance experience in an accounting firm, corporation and/or law firm.
Keep up to date on current tax practices.",Posted1 day ago,None
Transfer Pricing Senior Analyst,Trane Technologies,"Davidson, NC 28036",4+ years of North America and Latin American transfer pricing and corporate income tax experience with a Big 4 Accounting firm and/or in-house transfer pricing…,Posted30+ days ago,None
"newTax Manager or Senior Manager, International Tax Shared Serv...",KPMG,"Charlotte, NC 28202 (Fourth Ward area)+1 location","Minimum five years of recent tax compliance experience in an accounting firm, corporation and/or law firm.
Keep up to date on current tax practices.",Posted1 day ago,None
Senior Tax Associate,Aprio Llp,"Remote in Matthews, NC 28105","Interacting closely with clients to provide tax planning, consulting, and compliance services.
Working closely with partners on delivering innovative tax…",Posted9 days ago,Estimated $68.7K - $87.1K a year
"Senior Consultant, Transfer Pricing",Deloitte,"Charlotte, NC 28202 (Downtown Charlotte area)","Transfer pricing on a global scale-a multidisciplinary field that integrates economics, business, legal, and tax principles in the evaluation of global…",Posted30+ days ago,None
Managed Services Accounting - Senior Manager (Real Estate Co...,CohnReznick,"Remote in Charlotte, NC 28202","Liaison with senior management on accounting matters.
A flexible work environment with competitive benefits.
Oversee month end and quarter end close activities.",Posted30+ days ago,Estimated $140K - $178K a year
Sr Tax Analyst,Honeywell,"Charlotte, NC 28202 (Downtown Charlotte area)+3 locations","The Senior Tax Analyst / Accountant, coming from a Big 4 firm will provide support for tax compliance, reporting, and will assist with tax examinations by…",Posted30+ days ago,None
New Market Tax Credits Senior Manager,Cherry Bekaert LLP,"Charlotte, NC 28204 (Dilworth area)","TAG’s current portfolio consists of investments in areas with poverty rates as high as 66%, median family income as low as 14.24%, and unemployment rates as…",Posted30+ days ago,Estimated $76.4K - $96.8K a year
Charlotte Internal Audit & Financial Advisory (Financial Ser...,Protiviti,"Charlotte, NC+1 location","Charlotte Internal Audit & Financial Advisory (Financial Services) Senior Consultant.
The Senior Consultant coaches Interns, Consultants, and facilitates the…",Posted30+ days ago,None
"Senior, AAPS Risk & Compliance",Deloitte,"Charlotte, NC 28202 (Downtown Charlotte area)","Under the guidance and supervision of a Technology Controls Manager or Senior Manager, you will drive quality as part of the SDLC using established risk and…",Posted30+ days ago,None
Senior Analyst - Internal Audit/Risk Management,Elliott Davis,"Charlotte, NC 28202 (Dilworth area)","Responsibilities primarily include planning, directing, completing, and reviewing these internal audit and risk management engagements, as well as assisting as…",Posted30+ days ago,Estimated $95.4K - $121K a year
Audit Senior - Charlotte (Hybrid),Cherry Bekaert LLP,"Charlotte, NC 28204 (Dilworth area)+1 location","Dialogue over engagement efficiencies and client specific risks.
You will develop audit approach to be used by the engagement teams.",Posted17 days ago,Estimated $70.2K - $89K a year
"newSenior Associate, Global Independence Group",KPMG,"Charlotte, NC 28202 (Fourth Ward area)","Help with the oversight of member firm's KICS accounts and related processes.
Assist with inquiries raised by member firms regarding the application of personal…",Posted3 days ago,None
"Sr. Tax Analyst, International Tax and Planning",EnPro Industries,"Charlotte, NC 28209 (Ashbrook-Clawson Village area)","Assist in the research of tax planning opportunities.
Support structural tax planning strategies.
Model the impact of tax reform items in real time for…",Posted30+ days ago,None
Accounting & Reporting Advisory - Senior Manager,Deloitte,"Charlotte, NC 28202 (Downtown Charlotte area)","Participate in strategic firm initiatives such as the development of written materials to support new service offerings, the development and delivery of…",Posted30+ days ago,None
"CSS Senior Manager, Process Strategy, Tax GPO",Corning,"Charlotte, NC 28216 (Oakdale South area)","Active portfolio management including project sponsorship, initial chartering, resource planning, budgeting, sponsor and executive committee reviews,…",Posted30+ days ago,None
Senior Tax Manager,SPX,"Charlotte, NC","Participate in / lead various Federal Tax planning projects as directed.
A minimum of 7 years of experience, preferably with some major accounting firm…",EmployerActive 19 days ago,Estimated $115K - $146K a year
newDigital Assurance & Transparency - Senior Associate,PRICE WATERHOUSE COOPERS,"Remote in Charlotte, NC 28202+1 location","Uphold the firm's code of ethics and business conduct.
Use a broad range of tools and techniques to extract insights from current industry or sector trends.",Posted3 days ago,None
newSenior Accountant,Tatum by Randstad,"Charlotte, NC 28215 (Hickory Grove area)","The Senior Accountant is responsible for all aspects of transactional accounting, maintaining the integrity of the general ledger and preparing monthly and…",Posted8 days ago,None
newSenior Accountant,TalentBridge,"Hybrid remote in Concord, NC 28025+1 location","Assist with tax planning, preparation and strategy with local organizations and clients (no out of town travel needed).
Public Accounting: 2 years (Preferred).",Posted1 day ago,None
Payroll Tax Senior Analyst,Accenture,"Charlotte, NC 28244 (Downtown Charlotte area)","Preparing/reviewing all tax equalization or relocation pay back activities for the client.
The key is a new operating model—one that's anchored around the…",Posted30+ days ago,None
Senior Accountant,MetroTech Automotive,"Charlotte, NC 28208 (Westover Hills area)","Charlotte, NC 28208: Reliably commute or planning to relocate before starting work (Preferred).
For over 30 years MetroTech has been providing dealerships with…",EmployerActive 10 days ago,None
Technical & Transactional Accounting Senior Manager,CBIZ,"Charlotte, NC 28277 (Whiteoak area)","Perform engagement planning and communicate status updates.
CBIZ ARC assists high growth companies with complex technical accounting, internal and external…",Posted30+ days ago,Estimated $119K - $151K a year
Audit & Assurance Senior Assistant,Deloitte,"Charlotte, NC 28202 (Downtown Charlotte area)+5 locations","Experience with a regional or Big 4 accounting firm preferred.
As an Audit & Assurance Senior Assistant, you will work closely with our clients to understand…",Posted30+ days ago,None
"Associate or Senior Associate, R&D Tax Credits (AMCS)",KPMG,"Charlotte, NC 28202 (Fourth Ward area)","A minimum of one year of tax experience in a public accounting firm or corporate taxation experience.
KPMG LLP (the U.S. member firm of KPMG International)…",Posted30+ days ago,None
Marketing Senior Specialist- Tax,Deloitte,"Charlotte, NC 28202 (Downtown Charlotte area)","Event support - planning logistics, invitations, registration, conference materials and on-site experience as well as the post-event sales enablement and ROI…",Posted30+ days ago,None
"Senior Associate, Transaction Advisory Services - Financial...",BDO,"Remote in Charlotte, NC",Ability to interact with and adapt communication style to successfully convey messaging and objectives to all levels of management.,Posted30+ days ago,None
Sr. Business Control Specialist / Audit & Exams â€“ Charlott...,Bank of America,"Charlotte, NC 28202 (Fourth Ward area)+1 location","The role supports various firm-wide risk and information security initiatives from any number of sources including Global Information Security, Risk and…",Posted29 days ago,None
Senior Audit Consultant,Trane Technologies,"Davidson, NC 28036","The Senior Audit Consultant will lead teams of 3-5 people and is responsible for audit planning, supervision of Audit Consultants, testing procedures and audit…",Posted30+ days ago,None
Senior Audit Associate,Aprio Llp,"Matthews, NC 28105","3-5 years of experience working for a public accounting firm.
Discretionary incentive compensation based on firm, group and individual performance.",Posted30+ days ago,Estimated $77.2K - $97.8K a year
"Senior Associate, Finance & Accounting (Data & Analytics)",KPMG,"Charlotte, NC 28202 (Fourth Ward area)+1 location","Minimum three years of recent financial analyst or similar experience; preferably from a professional services firm.
Provide support in budget preparation.",Posted30 days ago,None
Senior Accountant,Billy Graham Evangelistic Association,"Charlotte, NC 28217 (Eagle Lake area)","The Senior Accountant position prepares and analyzes financial reports, provides internal and external audit support, develops and maintains internal control…",Posted30+ days ago,Estimated $61.1K - $77.3K a year
"Senior Manager, SALT Income & Franchise",RSM US LLP,"Charlotte, NC 28202 (Downtown Charlotte area)","The firm offers a competitive benefits package, base compensation, and an employee bonus program for eligible roles based on individual and firm performance per…",Posted30+ days ago,Estimated $121K - $154K a year
Audit Senior Associate I,Grant Thornton,"Charlotte, NC 28244 (Downtown Charlotte area)","Run client engagements from start to finish, which includes planning, executing, directing, and completing financial audits and managing to budget.",Posted30+ days ago,None
Sr. Auditor,Varo Money,"Charlotte, NC","As Senior Auditor you will assist in the planning, design, and performance of operational, product, and compliance audit programs.",Posted30+ days ago,Estimated $76.3K - $96.7K a year
New Market Tax Credits Senior Manager,Cherry Bekaert LLP,"Charlotte, NC 28204 (Dilworth area)","TAG’s current portfolio consists of investments in areas with poverty rates as high as 66%, median family income as low as 14.24%, and unemployment rates as…",Posted30+ days ago,Estimated $76.4K - $96.8K a year
Sr. Tax Analyst,Numerator,"Remote in Charlotte, NC","Experience working with a multinational foreign parent company is strongly desired.
Here at Numerator, we've made all corporate roles have maximum flexibility…",Posted30+ days ago,None
newRisk Assurance Comp & Analytics - Data & Tech - SR Associate,PRICE WATERHOUSE COOPERS,"Remote in Charlotte, NC 28202","Uphold the firm's code of ethics and business conduct.
Operating in a professional services firm or large enterprise as a consultant, data analyst, auditor or…",Posted1 day ago,None
"Senior Associate, Tax Services","GreerWalker, LLP","Charlotte, NC 28202 (Downtown Charlotte area)","Participate in client meetings and serve as the Engagement Lead on specific client accounts, taking responsibility for pre-engagement planning, execution, and…",Posted30+ days ago,Estimated $78.5K - $99.3K a year
Senior Legal Entity Controller,Bank of America,"Charlotte, NC 28202 (Fourth Ward area)+1 location",The team is responsible for various aspects of legal entity financial reporting and controllership including preparation of audited financial statements.,Posted23 days ago,None
"Senior Associate, Tax - Passthrough, Individual and Corporat...",Frazier & Deeter,"Charlotte, NC","Ability to supervise, review, train and develop staff accountants.
Our tax practice is accessible and committed to providing sophisticated tax advice to improve…",Posted9 days ago,Estimated $89.2K - $113K a year
newDigital Assurance & Transparency - Senior Associate,PRICE WATERHOUSE COOPERS,"Remote in Charlotte, NC 28202+1 location","Uphold the firm's code of ethics and business conduct.
Use a broad range of tools and techniques to extract insights from current industry or sector trends.",Posted3 days ago,None
Senior Tax and Wealth Planning Specialist,Vanguard,"Charlotte, NC","Leverage expert knowledge of complex income and estate tax and financial planning topics to develop holistic solutions for clients with net worth of $15MM+,…",Posted30+ days ago,None
Strategic Federal Tax Services Senior Associate,Grant Thornton,"Charlotte, NC 28244 (Downtown Charlotte area)","Ensure projects are conducted in accordance with firm standards and completed on time within budget.
A minimum of two to four years of experience in Accounting…",Posted30+ days ago,None
Senior Manager of Accounting and Reporting,Cornerstone Building Brands,"Charlotte, NC","6+ years of public accounting (Big 4 or top tier; clients must have included SEC registrants), 7 to 9 years of industry, or a mix of both, including supervisory…",Posted10 days ago,None
Sr. Property Tax Analyst,"United Rentals, Inc.","Charlotte, NC 28217","5+ years of multi-state Personal Property Tax experience with a large, multi-state corporation or accounting firm.
Process personal property tax bills.",Posted30+ days ago,None
"Senior Manager, Tax",Columbus McKinnon Corporation,"Charlotte, NC 28277 (Piper Glen Estates area)","Position Overview: Reporting to the Director of Tax, the Senior Manager of Tax manages U.S. corporate tax matters including U.S. tax planning, compliance, and…",Posted30+ days ago,Estimated $125K - $158K a year
newSenior - Investment Management - Private Equity Tax,Deloitte,"Charlotte, NC 28202 (Downtown Charlotte area)","Preparing and leading client meetings on compliance and advisory projects related to tax planning opportunities, and the tax implications of various…",Posted1 day ago,None
Senior Legal Entity Controller,Bank of America,"Charlotte, NC 28202 (Fourth Ward area)+1 location",The team is responsible for various aspects of legal entity financial reporting and controllership including preparation of audited financial statements.,Posted23 days ago,None
OFRO Internal Audit Senior Associate,PRICE WATERHOUSE COOPERS,"Remote in Charlotte, NC 28202+1 location","A career in Finance, within Internal Firm Services, will provide you with the opportunity to help PwC in all aspects of our Finance internal function including…",Posted30+ days ago,None
"Tax Senior, Project Management - Financial Services Tax Tran...",Deloitte,"Charlotte, NC 28202 (Downtown Charlotte area)","The Project Management Senior Consultant (PM) will be responsible for maintaining project budgets and schedules, facilitating change requests, managing issues…",Posted30+ days ago,None
Audit Senior Associate II,Grant Thornton,"Charlotte, NC 28244 (Downtown Charlotte area)","Listening and communicating clearly with clients about engagement expectations, as well as informing them about accounting, financial and regulatory…",Posted30+ days ago,None
Sr Director Internal Audit,Honeywell,"Charlotte, NC 28202 (Downtown Charlotte area)","Improve governance and controls across project lifecycle: bid & proposal, planning, execution, and close-out.
Cost Analysis and Control – Analyzing Inception to…",Posted16 days ago,None
Tax Senior Associate - FTSS Methods,Dixon Hughes Goodman,"Charlotte, NC 28209 (Barclay Downs area)","Prepare workpapers and calculate §481(a) and current year Schedule M adjustments for client engagements.
Work with a team of Accounting Methods specialist to…",Posted30+ days ago,Estimated $73.9K - $93.5K a year
Sr. Auditor,Varo Money,"Charlotte, NC","As Senior Auditor you will assist in the planning, design, and performance of operational, product, and compliance audit programs.",Posted30+ days ago,Estimated $76.3K - $96.7K a year
Banking and Capital Markets Tax - Senior Associate,PRICE WATERHOUSE COOPERS,"Remote in Charlotte, NC 28202+19 locations","Executing corporate planning and compliance, as well as tax accounting and financial reporting, including tax provision preparation, audit and review with the…",Posted9 days ago,None
Senior Audit Analyst,Fidelity Investments,"Charlotte, NC 28277 (Piper Glen Estates area)","Communicating findings to business leaders and senior management.
Working with middle to senior management within a business or function to facilitate the…",Posted30+ days ago,None
"newSr. Manager, Data Reporting- Governance & Audit",Humanity,"Charlotte, NC",This is a senior level position that is responsible for managing complex data and reporting to better assist management in maximizing resources in various…,Posted3 days ago,Estimated $102K - $129K a year
Audit Senior Associate I,Grant Thornton,"Charlotte, NC 28244 (Downtown Charlotte area)","Run client engagements from start to finish, which includes planning, executing, directing, and completing financial audits and managing to budget.",Posted30+ days ago,None
newSr. Tax Analyst I,Shutterfly,"Fort Mill, SC 29708","Develop and execute periodic reporting for senior management review;
Assist in the implementation of tax planning projects;
Partner with FP&A in forecasting;",Posted2 days ago,None
Pursuit Senior Manager General Tax,Deloitte,"Charlotte, NC 28202 (Downtown Charlotte area)+7 locations",Lead and serve as a strategic advisor on highest tier and most strategic pursuit opportunities from pre-RFP strategy through post-orals interactions with…,Posted30+ days ago,None
Sr Tax Manager,Bank of America,"Charlotte, NC 28202 (First Ward area)","Activities include tax forecasting, assisting management in the planning, development and implementation of tax minimization strategies including project…",Posted30+ days ago,None
newSenior Manager: Digital Controls and Cloud Auditing,Deloitte,"Charlotte, NC 28202 (Downtown Charlotte area)","Manage the planning, economics and billing of multiple engagements.
Actively lead decision making with engagement management and seek to understand the broader…",Posted6 days ago,None
Team Lead - Tax Senior,CPA Business Advisors,"Kannapolis, NC 28081","Tax planning - develop and implement strategies.
As such the firm does not have a typical tax season in that 85% of the tax returns we prepare are for clients…",EmployerActive 5 days ago,None
"Senior Tax Manager, Tax Reporting - Charlotte, NC",Dentsply Sirona,"Charlotte, NC","Assist with tax modeling to evaluate and project tax rate implications for planning initiatives and legislative changes.
CPA preferred, but not required.",Posted30+ days ago,None
Senior Internal Auditor,CaroMont Health,"Gastonia, NC 28054","Job Summary: The Senior Internal Auditor is responsible for coordinating, planning, leading and conducting complex regulatory compliance, operational and…",Posted30+ days ago,Estimated $73.2K - $92.6K a year
"Senior Audit Managerâ€“ CFO: Liquidity, Interest Rate Risk,...",Bank of America,"Charlotte, NC 28202 (First Ward area)",The role contributes to the implementation of the audit strategy and interconnectivity with audit partners and offers exposure to senior audit and business…,Posted30+ days ago,None
"Tax Senior, Insurance Tax - Financial Services Tax Transform...",Deloitte,"Charlotte, NC 28202 (Downtown Charlotte area)",Consult with subject matter specialists and our clients in transforming their tax compliance processes through process and technology.,Posted30+ days ago,None
Senior Accounting Specialist,TalentBridge,"Charlotte, NC","Perform moderately complex operational account activities related to maintaining ledger accounts and developing reports.
4 years of accounting experience.",EmployerActive 10 days ago,None
Sr Tax Manager,Honeywell,"Charlotte, NC 28202 (Downtown Charlotte area)","Broad technical knowledge of US Federal and State tax laws & regulations, planning, audits & controversy.
Financial Reporting – Support the accurate preparation…",Posted17 days ago,None
"Accounting Clerk Senior, Business Office (Financial Services...",Central Piedmont Community College,"Charlotte, NC 28204 (Elizabeth area)","PT Accounting Clerk Senior, Business Office (Financial Services).
PT Accounting Clerk, Senior position available in Financial Services Business Office located…",Posted30+ days ago,None
Sr. Accountant,Insight Global,"Hybrid remote in Charlotte, NC+1 location","* Assess current accounting practice and ensure appropriate application of accounting policy.
* Assess current operating environment and drive process…",Posted22 days ago,None
newSenior Accountant,Vaco,"Charlotte, NC+1 location","Work closely with external CPA firm regarding tax filings.
Develop within the company; be mentored and grown as a leader from the minute you're hired.",Posted1 day ago,None
"Audit Senior Associate, Insurance",Dixon Hughes Goodman,"Charlotte, NC 28202 (First Ward area)","Serves the needs of the client by planning and performing audits, in addition to any other related client needs.
Experience auditing large companies preferred.",Posted30+ days ago,Estimated $70.3K - $89.1K a year
newSenior Lead Audit Manager - Operational Risk Management,WELLS FARGO BANK,"Charlotte, NC","Assist in planning and organizing work in an annual cycle and project cycle.
Wells Fargo is seeking a Senior Lead Audit Manager for the Operational Risk…",Posted4 days ago,None
"Senior Associate, Assurance",BDO,"Charlotte, NC","The Audit Senior will be responsible for coordinating the day-to-day ""in-charge"" duties of planning, fieldwork and ""wrap-up"" to include the preparing of…",Posted30+ days ago,None
"Sr Associate, Financial Services Audit Specialist - Remote",KPMG,"Remote in Charlotte, NC 28202",KPMG LLP (the U.S. member firm of KPMG International) offers a comprehensive compensation and benefits package.,Posted30+ days ago,None
newRisk Assurance Comp & Analytics - Data & Tech - SR Associate,PRICE WATERHOUSE COOPERS,"Remote in Charlotte, NC 28202","Uphold the firm's code of ethics and business conduct.
Operating in a professional services firm or large enterprise as a consultant, data analyst, auditor or…",Posted1 day ago,None
Senior - Financial Services Industries - Hedge Fund Tax,Deloitte,"Charlotte, NC 28202 (Downtown Charlotte area)+1 location","Tax seniors in our Hedge Fund Tax practice perform detail-level review of tax workpapers, allocations and tax returns, as well as perform research to advise on…",Posted30+ days ago,None
"newSr. Analyst, Tax",XPO Logistics,"Charlotte, NC 28277 (Ballantyne West area)+1 location","As the Senior Analyst, Tax you will support the Company’s state income tax return compliance and provision functions and manage controversy and planning matters…",Posted2 days ago,None
Tax Senior Associate - Charlotte,Cherry Bekaert LLP,"Charlotte, NC 28204 (Dilworth area)","The Tax Senior Accountant performs complex tax duties on a regular basis as well as trains and develops staff accountants.
Train and develop Staff Accountants.",Posted30+ days ago,Estimated $69.4K - $87.8K a year
PwC Private - Audit Senior Associate,PRICE WATERHOUSE COOPERS,"Remote in Charlotte, NC 28202+8 locations","A career within PwC Private will provide the opportunity to help private companies with a range of business advisory needs such as audit, tax compliance, and…",Posted30+ days ago,None
Sr. Tax Analyst,Numerator,"Remote in Charlotte, NC","Experience working with a multinational foreign parent company is strongly desired.
Here at Numerator, we've made all corporate roles have maximum flexibility…",Posted30+ days ago,None
State Income and Franchise - Investment Management Tax Senio...,Deloitte,"Charlotte, NC 28202 (Downtown Charlotte area)+1 location","Assisting with tax consulting projects including tax planning, restructuring, and due diligence.
2+ years' experience providing tax planning services or…",Posted30+ days ago,None
"Tax Senior Manager, International Tax Shared Services Center",KPMG,"Charlotte, NC 28202 (Fourth Ward area)","Participate in and contribute to market and business activities external to the firm.
KPMG LLP (the U.S. member firm of KPMG International) offers a…",Posted30+ days ago,None
Senior Audit Associate,Burkett Burkett & Burkett Certified Public...,"Hybrid remote in Rock Hill, SC 29730","Perform planning and substantive audit / review procedures and/or AUPs.
Participate in marketing events to promote the firm.",Posted30+ days ago,Estimated $50.9K - $64.5K a year
newTax Senior Manager- Federal Consulting- Quantitative Service...,EY,"Charlotte, NC 28217 (Eagle Lake area)","You will be part of the team, focused on identifying the various cash tax savings and refund opportunities in the areas of FDII, BEAT, and GILTI planning, R&D…",Posted1 day ago,None
Senior Lead Audit Manager - Market & Counterparty Risk,WELLS FARGO BANK,"Charlotte, NC","Assist in planning and organizing work in an annual cycle and project cycle.
Wells Fargo is seeking a Senior Lead Audit Manager on the Market and Counterparty…",Posted17 days ago,None
"Senior Manager, SALT Income & Franchise",RSM US LLP,"Charlotte, NC 28202 (Downtown Charlotte area)","The firm offers a competitive benefits package, base compensation, and an employee bonus program for eligible roles based on individual and firm performance per…",Posted30+ days ago,Estimated $121K - $154K a year
"Sr. Director, Tax Strategy",Hayward Industries,"Charlotte, NC 28202 (Downtown Charlotte area)","Responsible for creating, prioritizing, and implementing international tax planning strategies, policies, and procedures.
Complete special projects as assigned.",Posted30+ days ago,Estimated $135K - $171K a year
Financial Services Tax - Real Estate Senior Associate,PRICE WATERHOUSE COOPERS,"Remote in Charlotte, NC 28202","Use a broad range of tools and techniques to extract insights from current industry or sector trends.
You’ll advise clients on their local and overseas tax…",Posted30+ days ago,None
Technical & Transactional Accounting Senior Consultant,CBIZ,"Charlotte, NC 28277 (Whiteoak area)","Contribute to engagement planning and ensuring high quality of related products/deliverables for each.
CBIZ ARC assists high growth companies with complex…",Posted30+ days ago,Estimated $81.7K - $103K a year
Senior Accounting Specialist,TalentBridge,"Charlotte, NC","Perform moderately complex operational account activities related to maintaining ledger accounts and developing reports.
4 years of accounting experience.",EmployerActive 10 days ago,None
Capital Markets Accounting Advisory Services - Senior Associ...,PRICE WATERHOUSE COOPERS,"Charlotte, NC 28202 (Fourth Ward area)","Uphold the firm's code of ethics and business conduct.
International hires or hires from a PwC affiliate firm to have obtained the equivalent accounting…",Posted30+ days ago,None
"Sr. Director, Tax Strategy",Hayward Industries,"Charlotte, NC 28202 (Downtown Charlotte area)","Responsible for creating, prioritizing, and implementing international tax planning strategies, policies, and procedures.
Complete special projects as assigned.",Posted30+ days ago,Estimated $135K - $171K a year
Senior Property Accountant,Ascendo Resources,"Charlotte, NC","Assist with the acquisitions and sales of properties adjusting budgets as require.
Responsible for independently completing the full Property Accounting for a…",EmployerActive 5 days ago,None
newSenior Accountant,Vaco,"Charlotte, NC+1 location","Work closely with external CPA firm regarding tax filings.
Develop within the company; be mentored and grown as a leader from the minute you're hired.",Posted1 day ago,None
Capital Markets Accounting Advisory Services - Senior Manage...,PRICE WATERHOUSE COOPERS,"Remote in Charlotte, NC 28202","Uphold the firm's code of ethics and business conduct.
Technical Capabilities: advising clients on relevant technical issues for their business including…",Posted30+ days ago,None
State Income and Franchise - Investment Management Tax Senio...,Deloitte,"Charlotte, NC 28202 (Downtown Charlotte area)+1 location","Assisting with tax consulting projects including tax planning, restructuring, and due diligence.
2+ years' experience providing tax planning services or…",Posted30+ days ago,None
Senior - Financial Services Industries - Hedge Fund Tax,Deloitte,"Charlotte, NC 28202 (Downtown Charlotte area)+1 location","Tax seniors in our Hedge Fund Tax practice perform detail-level review of tax workpapers, allocations and tax returns, as well as perform research to advise on…",Posted30+ days ago,None
Partnership Tax - SALT Senior Manager,PRICE WATERHOUSE COOPERS,"Remote in Charlotte, NC 28202+3 locations","A career in Finance, within Internal Firm Services, will provide you with the opportunity to help PwC in all aspects of our Finance internal function including…",Posted30+ days ago,None
"Data Analytics Senior Auditor-Commercial, Corporate and Inve...",WELLS FARGO BANK,"Charlotte, NC","Experience at a financial institution or accounting firm.
Commercial, Corporate and Investment Banking provides audit coverage for Middle Market Banking;…",Posted30+ days ago,None
Senior Audit Manager - Data Management,Bank of America,"Charlotte, NC 28202 (First Ward area)","Act as a Subject Matter Expert for the CCAR division and consult on data risk coverage.
This person will be responsible for overseeing day-to-day audit coverage…",Posted30+ days ago,None
newSenior Project Accountant,AccruePartners,"Fort Mill, SC","Competitive base pay and benefit package.
Perform a high-level project analysis to highlight the main factors impacting project performance for the current…",Posted4 days ago,None
Tax .Net Specialist Senior - TTC,Deloitte,"Charlotte, NC 28202 (Downtown Charlotte area)","And multi-tier system development and integration with other external systems.
As a professional in Deloitte's Tax Technology Consulting (TTC) team, you will be…",Posted30+ days ago,None
newSenior Accountant,Tatum by Randstad,"Charlotte, NC 28215 (Hickory Grove area)","The Senior Accountant is responsible for all aspects of transactional accounting, maintaining the integrity of the general ledger and preparing monthly and…",Posted8 days ago,None
newSenior Accountant,TalentBridge,"Hybrid remote in Concord, NC 28025+1 location","Assist with tax planning, preparation and strategy with local organizations and clients (no out of town travel needed).
Public Accounting: 2 years (Preferred).",Posted1 day ago,None
Senior Accounting Specialist,TalentBridge,"Charlotte, NC","Perform moderately complex operational account activities related to maintaining ledger accounts and developing reports.
4 years of accounting experience.",EmployerActive 10 days ago,None
People Advisory Services - Mobility - Tax Senior - Charlotte,EY,"Charlotte, NC 28202 (Fourth Ward area)+2 locations","Lead workstreams from planning to implementation – managing resources and budgets effectively.
Our key capabilities include: Mobility Tax Compliance, Income Tax…",Posted30+ days ago,None
Remote Tax Senior Manager - Global Tax Reporting,NTT DATA,"Remote in Charlotte, NC 28201","Participate in various tax planning activities and research including complex income tax accounting issues.
This role will be involved with all aspects of the…",Posted30+ days ago,None
Sr. Accountant,Insight Global,"Hybrid remote in Charlotte, NC+1 location","* Assess current accounting practice and ensure appropriate application of accounting policy.
* Assess current operating environment and drive process…",Posted22 days ago,None
Corporate Tax Senior Manager - US,PRICE WATERHOUSE COOPERS,"Remote in Charlotte, NC 28202+10 locations","Comprehensive technical skills in corporate and partnership tax planning and compliance, as well as tax accounting and financial reporting, including tax…",Posted30+ days ago,None
newSenior Accountant,Vaco,"Charlotte, NC+1 location","Work closely with external CPA firm regarding tax filings.
Develop within the company; be mentored and grown as a leader from the minute you're hired.",Posted1 day ago,None
Private Client Services Tax Senior Associate,RSM US LLP,"Charlotte, NC 28202 (Downtown Charlotte area)","Individual tax planning and compliance.
Entity tax planning and compliance.
Trust / Estate / Gift tax planning and compliance.",Posted30+ days ago,Estimated $58.9K - $74.5K a year
Senior Property Accountant,Ascendo Resources,"Charlotte, NC","Assist with the acquisitions and sales of properties adjusting budgets as require.
Responsible for independently completing the full Property Accounting for a…",EmployerActive 5 days ago,None
newDevOps Engineering Senior Manager-DAS Audit,Deloitte,"Charlotte, NC 28202 (Downtown Charlotte area)","Project and system planning experience is essential.
The DevOps group is responsible for delivering DevOps services which accelerate the delivery of both…",Posted1 day ago,None
Private Client Services Tax Senior Manager - Ultra High Net...,RSM US LLP,"Charlotte, NC 28202 (Downtown Charlotte area)",Our Ultra-High Net Worth team focuses on post liquidity multigenerational families and C-Suite executives who have or require complex estate and income tax…,Posted30+ days ago,Estimated $112K - $142K a year
Sr. Auditor - Lead Credit Card,Insight Global,"Charlotte, NC","Credit card expertise (does not need to have audit experience in the credit card space).
This individual will be primarily responsible for leading and executing…",Posted19 days ago,None
Financial Services Tax - Real Estate Senior Manager,PRICE WATERHOUSE COOPERS,"Remote in Charlotte, NC 28202","Uphold the firm's code of ethics and business conduct.
Considerable experience identifying and addressing client needs: building, maintaining, and utilizing…",Posted30+ days ago,None
"Asset & Wealth Management Tax Senior Manager, US MidCentral",PRICE WATERHOUSE COOPERS,"Remote in Charlotte, NC 28202+1 location","Uphold the firm's code of ethics and business conduct.
Managing resource requirements, project workflow, budgets, billing and collections; and preparing and/or…",Posted30+ days ago,None
Software & Systems Implementation Senior Manager - Tax,PRICE WATERHOUSE COOPERS,"Remote in Charlotte, NC 28202","Demonstrates extensive technical skills in a wide range of multistate sales and use tax matters, including the following: FAS 5, reverse audits, tax planning,…",Posted30+ days ago,None
Senior Income Tax Accountant,AccruePartners,"Charlotte, NC 28203 (Dilworth area)",Apply a solid understanding of tax concepts and use knowledge of the business and key processes gained from practical experience in the preparation of tax…,Posted30+ days ago,None
Sr. Accountant,Robert Half,"Charlotte, NC 28217+1 location","BA/BS in Accounting, CPA credentials are highly desired.
As a Senior Accountant, you will be responsible for financial statement preparation and consolidation,…",Posted30+ days ago,None
Sr. Auditor - Lead Credit Card,Insight Global,"Charlotte, NC","Credit card expertise (does not need to have audit experience in the credit card space).
This individual will be primarily responsible for leading and executing…",Posted19 days ago,None
Senior Accountant - Controller Trainee,"AgReserves, Inc.",United States,"Demonstrated ability to work well with senior management.
Bilingual Spanish and/or Portuguese ability highly desired.",Posted30+ days ago,Estimated $79.1K - $100K a year
